Molecule,Nucleotide Sequence,Genetic Loci,Type,Edit Distance
1,TGGGAGGGACTA,1,original,0
3,TATCGGCGATAT,1,original,0
4,AACAGATGCTGA,1,original,0
5,CCCGGGCTGAAT,1,original,0
6,GCAGCTTCACGG,1,original,0
7,GGGTAGGGCCCT,1,original,0
8,TTCTTTTCTCTT,1,original,0
10,AATAACACAACC,1,original,0
11,CGAGCCGTCTAA,1,original,0
12,GGCTATGCAAGA,1,original,0
13,CAAATGCGACTT,1,original,0
14,AGTAGGTGTCTA,2,original,0
15,ACCCACCCTCAT,2,original,0
16,GGGGGCTATGAA,2,original,0
17,TCAGATCGCTTG,2,original,0
19,GTACGATGGAAG,2,original,0
20,AATCTGACATAC,2,original,0
21,TCAGACTGATCG,2,original,0
22,GCCCGCCAATGG,2,original,0
24,CGCAGTAATATT,2,original,0
25,CATGAAGTTTCT,2,original,0
27,TGGCATCTGCTT,2,original,0
28,TCGATACCTCCT,2,original,0
29,CGCCATCTACCT,2,original,0
30,CAACGTTATCCT,2,original,0
31,CAGCGCGGAGCC,3,original,0
32,TAGAAGATCATT,3,original,0
33,AGTGTCCGCAAG,3,original,0
34,GACACAAGATAT,3,original,0
36,CATAGATGGACC,3,original,0
38,CTGCAGGATCTA,3,original,0
39,CAACCAAATGTG,3,original,0
40,TTTTCTCATCCC,3,original,0
41,GGCCCTCCGTAC,3,original,0
42,GCGCGTGCCTGT,3,original,0
43,GATGCTAGGCAT,4,original,0
44,AGAACGGACAAA,4,original,0
45,CGCGTACTAATA,4,original,0
46,ACCAGGCGAAAG,4,original,0
47,GGTACGGTTTTC,4,original,0
48,TGGGCTGGAGCA,4,original,0
50,AAGTTGGCGACT,4,original,0
51,CCACCGGGCGTC,4,original,0
52,GATGTCGCACCA,4,original,0
53,TGTGCTTGTACT,4,original,0
55,TCAGTTATACAG,5,original,0
56,TCTTCGGCGAGC,5,original,0
57,TAAGCGCTGTAT,5,original,0
58,CAGTCTTGGTTG,5,original,0
59,GCACCTCGCGAA,5,original,0
60,GCACCAACCGAA,5,original,0
61,TAGGCCCGGAGA,5,original,0
62,AACCTCAATTCT,5,original,0
63,CAACCACAATAG,5,original,0
67,CTAACTCATAGG,6,original,0
68,TACGGACTACAC,6,original,0
69,CTTGGGGAACGG,6,original,0
70,TCAGTCCAGAGG,6,original,0
71,CGGTGCTAACTA,6,original,0
72,ATTATGCCGAAG,6,original,0
73,ACGGCAGTGAGC,6,original,0
74,CAGGTTGCCATG,6,original,0
75,CTTAGAATCGCC,6,original,0
76,CGCGCAGAGCCC,6,original,0
77,TTCTGTGAACAC,7,original,0
78,AGTCGATGATCA,7,original,0
79,CGGGCGGGATAG,7,original,0
80,CTTCGATGGTGC,7,original,0
82,GGTCCGTCCTTT,7,original,0
83,TGGTAGGAGACC,7,original,0
85,CATCACCTTGTT,7,original,0
86,TTCAAGCACAAA,7,original,0
87,AACGAGCACTGG,7,original,0
88,ACTGGACTCCGC,7,original,0
89,ATAGTTGCTTCG,7,original,0
91,AATTGGTCTTCT,8,original,0
92,TCCCAATACCAA,8,original,0
93,CTAACGAAGTGC,8,original,0
94,CTTCGCATTAGC,8,original,0
95,AGGAGCAGTGTG,8,original,0
96,ACAACACGGTCC,8,original,0
97,TCTAGCTTAACT,8,original,0
98,CGGCTCGTGATC,8,original,0
100,TAGCTACGTAAA,8,original,0
102,GCCCGGGCTGAAT,1,error1,1
103,TTCTTCTCTCTT,1,error1,1
106,GGAGGCTATGAA,2,error1,1
107,TGTAGCATTTCA,2,error1,1
108,TAGATAAGGTC,2,error1,1
109,GGCCCCTTTAG,2,error1,1
111,ATCCTGAGGCCG,3,error1,1
112,CAACCGAATGTG,3,error1,1
113,TTTTGTCATCCC,3,error1,1
114,GCGGTGCCTGT,3,error1,1
117,TAGGCGCGGAGA,5,error1,1
119,CATGGATTAAAA,6,error1,1
120,CTTAGAATCTCC,6,error1,1
121,AGTCGTGATCA,7,error1,1
122,TCAGACGACTAT,7,error1,1
131,TCATTGTTGGAT,1,error1,1
155,CCAACGAAGTGC,8,error1,1
204,CATGGATTAAAA,6,error1,1
466,ACCAGGCGAAAG,4,error2,0
531,CTTAGAATCGCC,6,error2,0
717,TGGCATCTGCTT,2,error2,0
